id,name
1,Mixed-Berry Marinade
2,Mint
3,Cranberries
4,Apples
5,Chocolate
6,Melon
7,Oranges
8,Olives
9,Nutmeg
10,Vanilla Bean
11,Peaches
12,Cherries (maraschino)
13,Salt
14,Cucumber
15,Coconuts
16,Whipped Cream
17,Pineapples
18,Pineapple
19,Raspberries
20,Sugar
21,Cinnamon
22,Cherries
23,Lemon Peel
24,Limes
25,Celery
26,Maple Sugar
27,Lemons
28,Strawberries
29,Bananas
30,Blackberries
31,Graham Crackers
32,Cocktail Onion
33,Almonds
34,Pepper
35,Grapefruit
36,Rosemary
37,Beets
38,Ginger Snap cookie
39,Blueberries
40,Bell Pepper
41,Black Pepper
